collection_key,name,years,candidate_vendors,disposition,evidence_rule_ids
3-body-problem-01,3 Body Problem,2024,Netflix,matched-candidate,direct-netflix
3-percent-02,3%,2018,Netflix,matched-candidate,direct-netflix
abbott-elementary-113,Abbott Elementary,2022,,no-approved-signal,
acolyte-101,The Acolyte,2024,Disney+,matched-candidate,disney-brand;disney-star-wars
acolyte-107,The Acolyte,2024;2026,Disney+,matched-candidate,disney-brand;disney-star-wars
agatha-all-along-101,Agatha All Along,2024,Disney+,matched-candidate,disney-brand;disney-marvel
agatha-all-along-107,Agatha All Along,2024,Disney+,matched-candidate,disney-brand;disney-marvel
ahsoka-101,Ahsoka,2023,Disney+,matched-candidate,disney-brand;disney-star-wars
ahsoka-108,Ahsoka,2023,Disney+,matched-candidate,disney-brand;disney-star-wars
alien-earth-101,Alien: Earth,2025,Disney+;Hulu,matched-candidate,direct-hulu;disney-hulu;disney-fx
alien-earth-106,Alien: Earth,2025,Disney+;Hulu,matched-candidate,direct-hulu;disney-hulu;disney-fx
alienist-201,The Alienist: Angel of Darkness,2020,,no-approved-signal,
all-of-us-are-dead-01,All of Us Are Dead,2022,Netflix,matched-candidate,direct-netflix
all-the-old-knives,All The Old Knives,2022,,no-approved-signal,
all-you-need-is-kill,All You Need Is Kill,2026,,no-approved-signal,
altered-carbon-01,Altered Carbon,2018,Netflix,matched-candidate,direct-netflix
altered-carbon-02,Altered Carbon,2020,Netflix,matched-candidate,direct-netflix
altered-carbon-resleeved,Altered Carbon Resleeved,2020,Netflix,matched-candidate,direct-netflix
american-born-chinese-01,American Born Chinese,2023,Disney+,matched-candidate,disney-brand
american-crime-story-201,American Crime Story,2018,Disney+;Netflix,matched-candidate,direct-netflix;disney-fx
american-crime-story-205,American Crime Story,2018,Disney+;Netflix,matched-candidate,direct-netflix;disney-fx
american-fiction,American Fiction (film),2024,,no-approved-signal,
american-primeval,American Primeval,2025,Netflix,matched-candidate,direct-netflix
american-revolution-2025,The American Revolution,2025,,no-approved-signal,
americans-501,The Americans,2017,Amazon Prime Video;Disney+,matched-candidate,direct-amazon-prime-video;disney-fx
americans-513,The Americans,2017,Amazon Prime Video;Disney+,matched-candidate,direct-amazon-prime-video;disney-fx
and-just-like-that-201,And Just Like That...,2023,HBO Max,matched-candidate,direct-hbo-max
and-just-like-that-211,And Just Like That...,2023,HBO Max,matched-candidate,direct-hbo-max
andor-101,Andor,2022,Disney+,matched-candidate,disney-brand;disney-star-wars
andor-112,Andor,2022;2025,Disney+,matched-candidate,disney-brand;disney-star-wars
andor-201,Andor,2025,Disney+,matched-candidate,disney-brand;disney-star-wars
andor-210,Andor,2025,Disney+,matched-candidate,disney-brand;disney-star-wars
andy-warhol-diaries-01,The Andy Warhol Diaries,2022,Netflix,matched-candidate,direct-netflix
anora,Anora,2024,,no-approved-signal,
apprentice-2024,The Apprentice,2024,,no-approved-signal,
arcane-02.1,Arcane,2024,Netflix,matched-candidate,direct-netflix
arcane-02.2,Arcane,2024,Netflix,matched-candidate,direct-netflix
arcane-02.3,Arcane,2024,Netflix,matched-candidate,direct-netflix
archer-1201,Archer,2021,Disney+,matched-candidate,disney-fx
archer-1308,Archer,2022,Disney+,matched-candidate,disney-fx
archer-1401,Archer (2009 TV series),2023,Disney+,matched-candidate,disney-fx
archer-1408,Archer,2023,Disney+,matched-candidate,disney-fx
army-of-the-dead,Army of the Dead,2021,Netflix,matched-candidate,direct-netflix
atlanta-301,Atlanta,2022,Disney+,matched-candidate,disney-fx
atlanta-310,Atlanta,2022,Disney+,matched-candidate,disney-fx
atlanta-410,Atlanta,2022,Disney+,matched-candidate,disney-fx
avatar-the-last-airbender-2024-01,Avatar: The Last Airbender,2024,Netflix,matched-candidate,direct-netflix
avatar-the-last-airbender-2024-02,Avatar: The Last Airbender,2026,Netflix,matched-candidate,direct-netflix
avatar-the-way-of-water,Avatar: The Way of Water,2023,,no-approved-signal,
avenue-5-101,Avenue 5,2020,HBO Max,matched-candidate,hbo-network
away-01,Away,2020,Netflix,matched-candidate,direct-netflix
bachelors-23-and-01,The Bachelor,2019,,no-approved-signal,
backrooms-2026,Backrooms,2026,,no-approved-signal,
bad-monkey-109,Bad Monkey 109,2024,Apple TV,matched-candidate,direct-apple-tv
ballard-01,Ballard,2025,Amazon Prime Video,matched-candidate,direct-amazon-prime-video
barbie,Barbie,2023,,no-approved-signal,
barry-401,Barry,2023,HBO Max,matched-candidate,hbo-network
beacon-23-101,Beacon 23,2023,,no-approved-signal,
beacon-23-108,Beacon 23,2023,,no-approved-signal,
bear-00,The Bear,2026,Disney+;Hulu,matched-candidate,direct-hulu;disney-hulu;disney-fx
bear-02,The Bear,2023,Disney+;Hulu,matched-candidate,direct-hulu;disney-hulu;disney-fx
bear-03,The Bear,2024,Disney+;Hulu,matched-candidate,direct-hulu;disney-hulu;disney-fx
bear-04,The Bear,2025,Disney+;Hulu,matched-candidate,direct-hulu;disney-hulu;disney-fx
bear-05,The Bear,2026,Disney+;Hulu,matched-candidate,direct-hulu;disney-hulu;disney-fx
beastars-03.2,BEASTARS,2026,,no-approved-signal,
beatles-anthology,The Beatles Anthology,2025,,no-approved-signal,
beatles-get-back,The Beatles: Get Back,2021,Disney+,matched-candidate,disney-brand
beauty-108,The Beauty,2026,Disney+;Hulu,matched-candidate,direct-hulu;disney-hulu;disney-fx
beef-02,Beef,2026,Netflix,matched-candidate,direct-netflix
better-call-saul-406,Better Call Saul,2018,Netflix,matched-candidate,direct-netflix
beverly-hills-cop-axel-f,Beverly Hills Cop: Axel F,2024,Netflix,matched-candidate,direct-netflix
big-bang-theory-1223,Big Bang Theory,2019,,no-approved-signal,
big-little-lies-201,Big Little Lies,2019,HBO Max,matched-candidate,hbo-network
big-little-lies-207,Big Little Lies,2019,HBO Max,matched-candidate,hbo-network
biohackers-01,Biohackers,2020,Netflix,matched-candidate,direct-netflix
black-bag-2025,Black Bag,2025,,no-approved-signal,
black-is-king,Black Is King,2020,Disney+,matched-candidate,disney-brand
black-mirror-06,Black Mirror,2023,,no-approved-signal,
black-monday-106,Black Monday,2019,,no-approved-signal,
black-monday-110,Black Monday,2019,,no-approved-signal,
black-monday-310,Black Monday,2021,,no-approved-signal,
black-panther,Black Panther,2018,Disney+,matched-candidate,disney-marvel
black-panther-wakanda-forever,Black Panther: Wakanda Forever,2023,Disney+,matched-candidate,disney-marvel
blackaf-01,#blackAF,2020,Netflix,matched-candidate,direct-netflix
blade-runner-2049,Blade Runner 2049,2017,,no-approved-signal,
blade-runner-black-lotus-101,Blade Runner Black Lotus,2021,Crunchyroll,matched-candidate,direct-crunchyroll
blink-twice,Blink Twice,2024,,no-approved-signal,
bliss,Bliss,2021,,no-approved-signal,
blue-eye-samurai-01,Blue Eye Samurai,2023,Netflix,matched-candidate,direct-netflix
bluff,The Bluff,2026,Amazon Prime Video,matched-candidate,direct-amazon-prime-video
bojack-horseman-06,BoJack Horseman,2020,Netflix,matched-candidate,direct-netflix
book-of-boba-fett-107,The Book of Boba Fett,2022,Disney+,matched-candidate,disney-brand;disney-star-wars
borats-american-lockdown,Borats American Lockdown,2021,,no-approved-signal,
boy-and-the-heron,The Boy and the Heron,2024,,no-approved-signal,
boys-201,The Boys,2020,Amazon Prime Video,matched-candidate,direct-amazon-prime-video
boys-208,The Boys,2020,Amazon Prime Video,matched-candidate,direct-amazon-prime-video
boys-301,The Boys,2022,Amazon Prime Video,matched-candidate,direct-amazon-prime-video
boys-308,The Boys,2022,Amazon Prime Video,matched-candidate,direct-amazon-prime-video
boys-401,The Boys,2024,Amazon Prime Video,matched-candidate,direct-amazon-prime-video
boys-501,The Boys,2026,Amazon Prime Video,matched-candidate,direct-amazon-prime-video
boys-presents-diabolical-01,The Boys Presents Diabolical,2022,Amazon Prime Video,matched-candidate,direct-amazon-prime-video
bridgerton-02,Bridgerton,2022,Netflix,matched-candidate,direct-netflix
bridgerton-04.1,Bridgerton,2026,Netflix,matched-candidate,direct-netflix
bridgerton-04.2,Bridgerton,2026,Netflix,matched-candidate,direct-netflix
brothers-01,Brothers,2026,,no-approved-signal,
brothers-sun-01,The Brothers Sun,2024,Netflix,matched-candidate,direct-netflix
changeling-108,The Changeling,2023,Apple TV,matched-candidate,direct-apple-tv
chief-of-war-101,Chief of War,2025,Apple TV,matched-candidate,direct-apple-tv
chief-of-war-107,Chief of War,2025,Apple TV,matched-candidate,direct-apple-tv
chilling-adventures-of-sabrina-01,Chilling Adventures of Sabrina,2018,Netflix,matched-candidate,direct-netflix
cinderella-2021,Cinderella,2021,,no-approved-signal,
citadel-101,Citadel,2023,Amazon Prime Video,matched-candidate,direct-amazon-prime-video
citadel-106,Citadel,2023,Amazon Prime Video,matched-candidate,direct-amazon-prime-video
cobra-kai-02,Cobra Kai,2019,YouTube,matched-candidate,direct-youtube
cobra-kai-03,Cobra Kai,2021,YouTube,matched-candidate,direct-youtube
cobra-kai-06.3,Cobra Kai,2025,YouTube,matched-candidate,direct-youtube
cocaine-cowboys-the-kings-of-miami,Cocaine Cowboys: The Kings of Miami,2021,,no-approved-signal,
coming-2-america,Coming 2 America,2021,,no-approved-signal,
common-side-effects-01,Common Side Effects,2025,,no-approved-signal,
companion-2025,Companion,2025,,no-approved-signal,
consultant-01,The Consultant,2023,Amazon Prime Video,matched-candidate,direct-amazon-prime-video
control-z-01,Control Z,2020,Netflix,matched-candidate,direct-netflix
cowboy-bebop-2021-01,Cowboy Bebop 2021,2021,Netflix,matched-candidate,direct-netflix
coyote-vs-acme,Coyote vs. Acme,2026,,no-approved-signal,
crew-girl-01,Crew Girl,2026,,no-approved-signal,
curse-01,The Curse,2023,,no-approved-signal,
da-5-bloods,Da 5 Bloods,2020,Netflix,matched-candidate,direct-netflix
dan-da-dan-210,Dan Da Dan,2025,,no-approved-signal,
dang-01,DANG!,2026,Netflix,matched-candidate,direct-netflix
dark-03,Dark,2020,Netflix,matched-candidate,direct-netflix
dark-winds-301,Dark Winds,2025,,no-approved-signal,
dark-winds-401,Dark Winds,2026,,no-approved-signal,
death-by-lightning,Death by Lightning,2025,Netflix,matched-candidate,direct-netflix
debris-113,Debris,2021,,no-approved-signal,
demon-slayer-kimetsu-no-yaiba-the-movie-infinity-castle,Demon Slayer: Kimetsu no Yaiba – Infinity Castle,2025,,no-approved-signal,
demon-slayer-kimetsu-no-yaiba-the-movie-mugen-train,Demon Slayer Kimetsu No Yaiba The Movie Mugen Train,2020,,no-approved-signal,
detective-chinatown-3,Detective Chinatown 3,2021,,no-approved-signal,
devs-108,Devs,2020,Disney+;Hulu,matched-candidate,direct-hulu;disney-hulu;disney-fx
dinosaurs-01,The Dinosaurs,2026,Netflix,matched-candidate,direct-netflix
diplomat-02,The Diplomat,2024,Netflix,matched-candidate,direct-netflix
doctor-who-1101,Doctor Who 2005,2018,,no-approved-signal,
doctor-who-1105,Doctor Who,2018,,no-approved-signal,
doctor-who-1200,Doctor Who 2005,2019,,no-approved-signal,
dolemite-is-my-name,Dolemite Is My Name,2019,Netflix,matched-candidate,direct-netflix
dont-look-up,Don't Look Up,2021,Netflix,matched-candidate,direct-netflix
doom-patrol-201,Doom Patrol,2020,HBO Max,matched-candidate,direct-hbo-max
doom-patrol-301,Doom Patrol,2021,HBO Max,matched-candidate,direct-hbo-max
doors,Doors,2021,,no-approved-signal,
dope-thief-101,Dope Thief,2025,Apple TV,matched-candidate,direct-apple-tv
down-cemetery-road-101,Down Cemetery Road,2025,Apple TV,matched-candidate,direct-apple-tv
drama-2026,The Drama,2026,,no-approved-signal,
dune-2021,Dune 2021: Part One,2021,,no-approved-signal,
dune-2024,Dune 2024: Part Two,2024,,no-approved-signal,
dungeons-and-dragons-honor-among-thieves,Dungeons & Dragons: Honor Among Thieves,2023,,no-approved-signal,
duster-101,Duster,2025,HBO Max,matched-candidate,direct-hbo-max
duster-106,Duster,2025,HBO Max,matched-candidate,direct-hbo-max
echo-01,Echo,2024,Disney+;Hulu,matched-candidate,direct-hulu;disney-brand;disney-marvel;disney-hulu
el-chapo-02,El Chapo,2017,Netflix,matched-candidate,direct-netflix
emilia-perez,Emilia Perez,2024,,no-approved-signal,
enola-holmes-2,Enola Holmes 2,2022,Netflix,matched-candidate,direct-netflix
enola-holmes-3,Enola Holmes 3,2026,Netflix,matched-candidate,direct-netflix
eternals,The Eternals,2022,Disney+,matched-candidate,disney-marvel
euphoria-208,Euphoria,2022,HBO Max,matched-candidate,hbo-network
euphoria-301,Euphoria,2026,HBO Max,matched-candidate,hbo-network
euphoria-special,Euphoria Special,2020,HBO Max,matched-candidate,hbo-network
everything-everywhere-all-at-once,Everything Everywhere All At Once,2022,,no-approved-signal,
expanse-04,The Expanse,2019,Amazon Prime Video,matched-candidate,direct-amazon-prime-video
expanse-201,The Expanse,2017,Amazon Prime Video,matched-candidate,direct-amazon-prime-video
expanse-203,The Expanse,2017,Amazon Prime Video,matched-candidate,direct-amazon-prime-video
expanse-204,The Expanse,2017,Amazon Prime Video,matched-candidate,direct-amazon-prime-video
expanse-210,The Expanse,2017,Amazon Prime Video,matched-candidate,direct-amazon-prime-video
expanse-213,The Expanse,2017,Amazon Prime Video,matched-candidate,direct-amazon-prime-video
expanse-301,The Expanse,2018,Amazon Prime Video,matched-candidate,direct-amazon-prime-video
expanse-313,The Expanse,2018,Amazon Prime Video,matched-candidate,direct-amazon-prime-video
expanse-501,The Expanse,2020,Amazon Prime Video,matched-candidate,direct-amazon-prime-video
expanse-510,The Expanse,2021,Amazon Prime Video,matched-candidate,direct-amazon-prime-video
expanse-601,The Expanse,2021,,no-approved-signal,
expanse-606,The Expanse,2022,,no-approved-signal,
eyes-of-wakanda-01,Eyes of Wakanda,2025,Disney+,matched-candidate,disney-brand;disney-marvel
falcon-and-the-winter-soldier-101,Falcon and Winter Soldier,2021,Disney+,matched-candidate,disney-brand;disney-marvel
falcon-and-the-winter-soldier-106,Falcon and Winter Soldier,2021,Disney+,matched-candidate,disney-brand;disney-marvel
fallout-2024-01,Fallout,2024,Amazon Prime Video,matched-candidate,direct-amazon-prime-video
fallout-2024-201,Fallout,2025,Amazon Prime Video,matched-candidate,direct-amazon-prime-video
fallout-2024-206,Fallout,2026,Amazon Prime Video,matched-candidate,direct-amazon-prime-video
fantasmas-01,Fantasmas,2024,HBO Max,matched-candidate,hbo-network
fargo-501,Fargo,2023,Disney+,matched-candidate,disney-fx
fargo-510,Fargo,2024,Disney+,matched-candidate,disney-fx
ferhat-ile-sirin,Ferhat Ile Sirin,2019,,no-approved-signal,
feud-02,Feud (American TV series),2024,Disney+,matched-candidate,disney-fx
feud-101,Feud,2017,Disney+,matched-candidate,disney-fx
feud-102,Feud,2017,Disney+,matched-candidate,disney-fx
feud-108,Feud,2017,Disney+,matched-candidate,disney-fx
fistful-of-vengeance,Fistful of Vengeance,2022,Netflix,matched-candidate,direct-netflix
flight-attendant-201,Flight Attendant,2022,HBO Max,matched-candidate,direct-hbo-max
folklore,Folklore,2020,Disney+,matched-candidate,disney-brand
for-all-mankind-201,For All Mankind,2021,Apple TV,matched-candidate,direct-apple-tv
for-all-mankind-210,For All Mankind,2021,Apple TV,matched-candidate,direct-apple-tv
for-all-mankind-301,For All Mankind,2022,Apple TV,matched-candidate,direct-apple-tv
for-all-mankind-401,For All Mankind,2023,Apple TV,matched-candidate,direct-apple-tv
for-all-mankind-410,For All Mankind,2024,Apple TV,matched-candidate,direct-apple-tv
for-all-mankind-501,For All Mankind,2026,Apple TV,matched-candidate,direct-apple-tv
foundation-101,Foundation,2021,Apple TV,matched-candidate,direct-apple-tv
foundation-201,Foundation,2023,Apple TV,matched-candidate,direct-apple-tv
frankenstein-2025,Frankenstein (2025 film),2025,Netflix,matched-candidate,direct-netflix
fubar-01,FUBAR,2023,Netflix,matched-candidate,direct-netflix
full-circle-01,Full Circle,2023,HBO Max,matched-candidate,direct-hbo-max
furious-2025,The Furious,2026,,no-approved-signal,
game-of-thrones-701,Game of Thrones,2017,HBO Max,matched-candidate,hbo-network
game-of-thrones-702,Game of Thrones,2017,HBO Max,matched-candidate,hbo-network
game-of-thrones-703,Game of Thrones,2017,HBO Max,matched-candidate,hbo-network
game-of-thrones-705,Game of Thrones,2017,HBO Max,matched-candidate,hbo-network
game-of-thrones-706,Game of Thrones,2017,HBO Max,matched-candidate,hbo-network
game-of-thrones-707,Game of Thrones,2017,HBO Max,matched-candidate,hbo-network
game-of-thrones-801,Game of Thrones,2019,HBO Max,matched-candidate,hbo-network
game-of-thrones-803,Game of Thrones,2019,HBO Max,matched-candidate,hbo-network
game-of-thrones-806,Game of Thrones,2019,HBO Max,matched-candidate,hbo-network
gen-v-101,Gen V,2023,Amazon Prime Video,matched-candidate,direct-amazon-prime-video
gen-v-108,Gen V,2023,Amazon Prime Video,matched-candidate,direct-amazon-prime-video
gen-v-201,Gen V,2025,Amazon Prime Video,matched-candidate,direct-amazon-prime-video
gen-v-206,Gen V,2025,Amazon Prime Video,matched-candidate,direct-amazon-prime-video
ghost-in-the-shell-2026-01,The Ghost in the Shell,2026,,no-approved-signal,
glass-onion,Knives Out: Glass Onion,2022,Netflix,matched-candidate,direct-netflix
glow-02,GLOW,2018,Netflix,matched-candidate,direct-netflix
glow-03,GLOW,2019,Netflix,matched-candidate,direct-netflix
goat-2026,GOAT,2026,,no-approved-signal,
godzilla-minus-one,Gojira -1.0,2024,,no-approved-signal,
godzilla-vs-kong,Godzilla vs. Kong,2021,,no-approved-signal,
godzilla-x-kong-the-new-empire,Godzilla x Kong: The New Empire,2024,,no-approved-signal,
good-fight-101,The Good Fight,2017,Paramount+,matched-candidate,direct-paramount-plus
good-fight-105,The Good Fight,2017,Paramount+,matched-candidate,direct-paramount-plus
good-fight-108,The Good Fight,2017,Paramount+,matched-candidate,direct-paramount-plus
good-fight-110,The Good Fight,2017,Paramount+,matched-candidate,direct-paramount-plus
good-fight-202,The Good Fight,2018,Paramount+,matched-candidate,direct-paramount-plus
good-fight-205,The Good Fight,2018,Paramount+,matched-candidate,direct-paramount-plus
good-fight-210,The Good Fight,2018,Paramount+,matched-candidate,direct-paramount-plus
good-fight-213,The Good Fight,2018,Paramount+,matched-candidate,direct-paramount-plus
good-fight-301,The Good Fight,2019,Paramount+,matched-candidate,direct-paramount-plus
good-fight-310,The Good Fight,2019,Paramount+,matched-candidate,direct-paramount-plus
good-fight-407,The Good Fight,2020,Paramount+,matched-candidate,direct-paramount-plus
good-fight-510,The Good Fight,2021,,no-approved-signal,
gray-man,The Gray Man,2022,Netflix,matched-candidate,direct-netflix
griselda-01,Griselda (miniseries),2024,Netflix,matched-candidate,direct-netflix
guardians-of-the-galaxy-3,Guardians of the Galaxy Vol. 3,2023,Disney+,matched-candidate,disney-marvel
hacks-401,Hacks,2025,HBO Max,matched-candidate,direct-hbo-max
hacks-408,Hacks,2025,HBO Max,matched-candidate,direct-hbo-max
halston-01,Halston,2021,Netflix,matched-candidate,direct-netflix
hamilton,Hamilton,2020,Disney+,matched-candidate,disney-brand
handmaids-tale-101,The Handmaid's Tale,2017,Disney+;Hulu,matched-candidate,direct-hulu;disney-hulu
handmaids-tale-105,The Handmaid's Tale,2017,Disney+;Hulu,matched-candidate,direct-hulu;disney-hulu
handmaids-tale-201,The Handmaid's Tale,2018,Disney+;Hulu,matched-candidate,direct-hulu;disney-hulu
handmaids-tale-208,The Handmaid's Tale,2018,Disney+;Hulu,matched-candidate,direct-hulu;disney-hulu
handmaids-tale-213,The Handmaid's Tale,2018,Disney+;Hulu,matched-candidate,direct-hulu;disney-hulu
happiest-season,Happiest Season,2020,Disney+;Hulu,matched-candidate,direct-hulu;disney-hulu
harder-they-fall,The Harder They Fall,2021,Netflix,matched-candidate,direct-netflix
harley-quinn-301,Harley Quinn,2022,,no-approved-signal,
high-fidelity-01,High Fidelity,2020,Disney+;Hulu,matched-candidate,direct-hulu;disney-hulu
high-flying-bird,High Flying Bird,2019,Netflix,matched-candidate,direct-netflix
highest-2-lowest,Highest 2 Lowest,2025,,no-approved-signal,
hijack-101,Hijack,2023,Apple TV,matched-candidate,direct-apple-tv
hijack-107,Hijack,2023,Apple TV,matched-candidate,direct-apple-tv
hijack-201,Hijack,2026,Apple TV,matched-candidate,direct-apple-tv
his-and-hers-2026-01,His & Hers,2026,Netflix,matched-candidate,direct-netflix
hit-man,Hit Man,2024,Netflix,matched-candidate,direct-netflix
hit-monkey-02,Hit Monkey,2024,Disney+;Hulu,matched-candidate,direct-hulu;disney-marvel;disney-hulu
hoppers,Hoppers,2026,Disney+,matched-candidate,disney-pixar
house-of-cards-05,House of Cards,2017,Netflix,matched-candidate,direct-netflix
house-of-cards-06,House of Cards,2018,Netflix,matched-candidate,direct-netflix
house-of-the-dragon-101,House of the Dragon,2022,HBO Max,matched-candidate,hbo-network
house-of-the-dragon-103,House of the Dragon,2022,HBO Max,matched-candidate,hbo-network
house-of-the-dragon-110,House of the Dragon,2022,HBO Max,matched-candidate,hbo-network
house-of-the-dragon-201,House of the Dragon,2024,HBO Max,matched-candidate,hbo-network
house-of-the-dragon-207,House of the Dragon,2024,HBO Max,matched-candidate,hbo-network
house-of-the-dragon-301,House of the Dragon,2026,HBO Max,matched-candidate,hbo-network
house-of-the-dragon-308,House of the Dragon,2026,HBO Max,matched-candidate,hbo-network
human-flow,Human Flow,2018,,no-approved-signal,
i-am-the-night-103,I Am the Night,2019,,no-approved-signal,
i-am-the-night-106,I Am The Night,2019,,no-approved-signal,
i-love-dick,I Love Dick,2017,Amazon Prime Video,matched-candidate,direct-amazon-prime-video
idol-101,The Idol,2023,HBO Max,matched-candidate,hbo-network
im-a-virgo-01,I'm A Virgo,2023,Amazon Prime Video,matched-candidate,direct-amazon-prime-video
industry-401,Industry,2026,,no-approved-signal,
inside-out-2,Inside Out 2,2024,Disney+,matched-candidate,disney-pixar
intergalactic-01,Intergalactic,2021,,no-approved-signal,
interior-chinatown-01,Interior Chinatown,2024,Disney+;Hulu,matched-candidate,direct-hulu;disney-hulu
into-the-badlands-203,Into the Badlands,2017,Netflix,matched-candidate,direct-netflix
into-the-badlands-308,Into The Badlands,2018,Netflix,matched-candidate,direct-netflix
invasion-101,Invasion,2021,Apple TV,matched-candidate,direct-apple-tv
invasion-301,Invasion (2021 TV series),2025,Apple TV,matched-candidate,direct-apple-tv
inventing-anna-01,Inventing Anna,2022,Netflix,matched-candidate,direct-netflix
invincible-101,Invincible,2021,Amazon Prime Video,matched-candidate,direct-amazon-prime-video
invincible-201,Invincible,2023,Amazon Prime Video,matched-candidate,direct-amazon-prime-video
invincible-301,Invincible,2025,Amazon Prime Video,matched-candidate,direct-amazon-prime-video
invincible-401,Invincible,2026,Amazon Prime Video,matched-candidate,direct-amazon-prime-video
invite-2026,The Invite,2026,,no-approved-signal,
ironheart-01,Ironheart,2025,Disney+,matched-candidate,disney-brand;disney-marvel
jamtara-sabka-number-ayega,Jamtara: Sabka Number Ayega,2020,Netflix,matched-candidate,direct-netflix
japan-sinks,Japan Sinks,2020,Netflix,matched-candidate,direct-netflix
jeen-yuhs-01,Jeen Yuhs,2022,Netflix,matched-candidate,direct-netflix
killer-2024,The Killer 2024,2024,Peacock,matched-candidate,direct-peacock
killing-eve-201,Killing Eve,2019,Disney+;Hulu,matched-candidate,direct-hulu;disney-hulu
killing-eve-208,Killing Eve,2019,Disney+;Hulu,matched-candidate,direct-hulu;disney-hulu
kimi,Kimi,2022,,no-approved-signal,
kindred-01,Kindred,2022,Disney+;Hulu,matched-candidate,direct-hulu;disney-hulu;disney-fx
king-of-the-hill-14,King of the Hill,2025,,no-approved-signal,
kingdom-of-the-planet-of-the-apes,The Kingdom of the Planet of the Apes,2024,,no-approved-signal,
knight-of-the-seven-kingdoms-106,A Knight of the Seven Kingdoms,2026,HBO Max,matched-candidate,hbo-network
kung-fu-101,Kung Fu 2021,2021,HBO Max,matched-candidate,hbo-network
kung-fu-113,Kung Fu 2021,2021,,no-approved-signal,
kurulus-osman-01,Kurulus Osmon,2019,YouTube,matched-candidate,direct-youtube
laid-01,Laid,2024,Peacock,matched-candidate,direct-peacock
lanterns-101,Lanterns,2026,HBO Max,matched-candidate,hbo-network
last-of-us-101,The Last of Us,2023,HBO Max,matched-candidate,hbo-network
last-of-us-109,The Last of Us,2023,HBO Max,matched-candidate,hbo-network
last-of-us-201,Last of Us,2025,HBO Max,matched-candidate,hbo-network
last-of-us-206,Last of Us,2025,HBO Max,matched-candidate,hbo-network
lazarus-101,Lazarus,2025,,no-approved-signal,
lazarus-108,Lazarus,2025,,no-approved-signal,
lazarus-111,Lazarus,2025,,no-approved-signal,
legend-of-aang-the-last-airbender,Avatar Aang: The Last Airbender,2026,,no-approved-signal,
legend-of-galactic-heroes-die-neue-these,Legend of the Galactic Heroes,2018,,no-approved-signal,
legend-of-vox-machina-410,The Legend of Vox Machina,2026,Amazon Prime Video,matched-candidate,direct-amazon-prime-video
lego-star-wars-holiday-special-2020,The Lego Star Wars Holiday Special,2020,Disney+,matched-candidate,disney-brand;disney-star-wars
lego-star-wars-the-mandalorian-2026,LEGO Star Wars: The Mandalorian,2026,,no-approved-signal,
liaison-101,Liaison,2023,Apple TV,matched-candidate,direct-apple-tv
loki-101,Loki,2021,Disney+,matched-candidate,disney-brand;disney-marvel
loki-106,Loki,2021,Disney+,matched-candidate,disney-brand;disney-marvel
loki-201,Loki,2023,Disney+,matched-candidate,disney-brand;disney-marvel
loki-206,Loki,2023,Disney+,matched-candidate,disney-brand;disney-marvel
long-story-short-01,Long Story Short (TV series),2025,Netflix,matched-candidate,direct-netflix
love-death-robots-01,"Love, Death & Robots",2019,Netflix,matched-candidate,direct-netflix
love-death-robots-02,"Love, Death & Robots",2021,Netflix,matched-candidate,direct-netflix
love-death-robots-04,"Love, Death & Robots",2025,Netflix,matched-candidate,direct-netflix
love-story-2026-107,Love Story,2026,Disney+;Hulu,matched-candidate,direct-hulu;disney-hulu;disney-fx
lovebirds,The Lovebirds,2020,Netflix,matched-candidate,direct-netflix
lovecraft-country-101,Lovecraft Country,2020,HBO Max,matched-candidate,hbo-network
lovecraft-country-110,Lovecraft Country,2020,HBO Max,matched-candidate,hbo-network
lowdown-101,The Lowdown (American TV series),2025,Disney+,matched-candidate,disney-fx
luke-cage-02,Luke Cage,2018,Disney+;Netflix,matched-candidate,direct-netflix;disney-marvel
lupin-02,Lupin,2021,Netflix,matched-candidate,direct-netflix
lupin-03,Lupin,2023,Netflix,matched-candidate,direct-netflix
made-for-love-107,Made For Love,2021,HBO Max,matched-candidate,direct-hbo-max
madness-01,The Madness,2024,Netflix,matched-candidate,direct-netflix
magic-mikes-last-dance,Magic Mike's Last Dance,2023,,no-approved-signal,
malcolm-and-marie,Malcom & Marie,2021,Netflix,matched-candidate,direct-netflix
man-on-the-run,Man on the Run,2026,Amazon Prime Video,matched-candidate,direct-amazon-prime-video
mandalorian-101,The Mandalorian,2019,Disney+,matched-candidate,direct-disney-plus;disney-brand;disney-star-wars
mandalorian-102,The Mandalorian,2019,Disney+,matched-candidate,direct-disney-plus;disney-brand;disney-star-wars
mandalorian-108,The Mandalorian,2019,Disney+,matched-candidate,direct-disney-plus;disney-brand;disney-star-wars
mandalorian-201,The Mandalorian,2020,Disney+,matched-candidate,direct-disney-plus;disney-brand;disney-star-wars
mandalorian-208,The Mandalorian,2020,Disney+,matched-candidate,direct-disney-plus;disney-brand;disney-star-wars
mandalorian-301,The Mandalorian,2023,Disney+,matched-candidate,disney-brand;disney-star-wars
mandalorian-308,The Mandalorian,2023,Disney+,matched-candidate,disney-brand;disney-star-wars
mandalorian-and-grogu,The Mandalorian and Grogu,2026,Disney+,matched-candidate,disney-star-wars
maniac-01,Maniac,2018,Netflix,matched-candidate,direct-netflix
marvelous-mrs-maisel-02,Marvelous Mrs. Maisel,2018,Amazon Prime Video,matched-candidate,direct-amazon-prime-video
marvelous-mrs-maisel-03,Marvelous Mrs. Maisel,2019,Amazon Prime Video,matched-candidate,direct-amazon-prime-video
marvelous-mrs-maisel-407,Marvelous Mrs. Maisel,2022,Amazon Prime Video,matched-candidate,direct-amazon-prime-video
marvelous-mrs-maisel-501,The Marvelous Mrs. Maisel,2023,Amazon Prime Video,matched-candidate,direct-amazon-prime-video
masters-of-the-air-101,Masters of the Air,2024,Apple TV,matched-candidate,direct-apple-tv
masters-of-the-air-108,Masters of the Air,2024,Apple TV,matched-candidate,direct-apple-tv
mating-season-01,Mating Season,2026,Netflix,matched-candidate,direct-netflix
matrix-resurrections,The Matrix Resurrections (2021),2021,,no-approved-signal,
maul-shadow-lord-101,Star Wars: Maul – Shadow Lord,2026,Disney+,matched-candidate,disney-brand;disney-star-wars
me-you-cant-see-01,The Me You Can't See,2021,Apple TV,matched-candidate,direct-apple-tv
mickey-17,Mickey 17,2025,,no-approved-signal,
mid-century-modern-01,Mid Century Modern,2025,Disney+;Hulu,matched-candidate,direct-hulu;disney-hulu
minecraft-movie-2025,The Minecraft Movie 2025,2025,,no-approved-signal,
minx-02,Minx,2023,HBO Max,matched-candidate,direct-hbo-max
mitchells-vs-the-machines,The Mitchells vs The Machines,2021,Netflix,matched-candidate,direct-netflix
moana-2,Moana 2,2025,Disney+,matched-candidate,disney-brand
monarch-legacy-of-monsters-101,Monarch: Legacy of Monsters,2023,Apple TV,matched-candidate,direct-apple-tv
monarch-legacy-of-monsters-110,Monarch: Legacy of Monsters,2024,Apple TV,matched-candidate,direct-apple-tv
monarch-legacy-of-monsters-201,Monarch: Legacy of Monsters,2026,Apple TV,matched-candidate,direct-apple-tv
monarch-legacy-of-monsters-208,Monarch: Legacy of Monsters,2026,Apple TV,matched-candidate,direct-apple-tv
money-heist-05.1,Money Heist,2021,,no-approved-signal,
money-heist-05.2,Money Heist,2021,,no-approved-signal,
monsieur-spade-01,Monsier Spade,2024,,no-approved-signal,
mother-android,Mother/Android,2021,Disney+;Hulu;Netflix,matched-candidate,direct-hulu;direct-netflix;disney-hulu
mr-and-mrs-smith-2024-01,Mr. & Mrs. Smith,2024,Amazon Prime Video,matched-candidate,direct-amazon-prime-video
mulan,Mulan 2020,2020,Disney+,matched-candidate,disney-brand
murder-at-the-end-of-the-world-101,A Murder at the End of the World,2023,Disney+;Hulu,matched-candidate,direct-hulu;disney-hulu;disney-fx
murder-at-the-end-of-the-world-107,A Murder at the End of the World,2023,Disney+;Hulu,matched-candidate,direct-hulu;disney-hulu;disney-fx
my-brilliant-career-2026-01,My Brilliant Career,2026,Netflix,matched-candidate,direct-netflix
narcos-03,Narcos,2017,Netflix,matched-candidate,direct-netflix
narcos-mexico-01,Narcos Mexico,2018,Netflix,matched-candidate,direct-netflix
narcos-mexico-02,Narcos Mexico,2020,Netflix,matched-candidate,direct-netflix
narcos-mexico-03,Narcos Mexico,2021,Netflix,matched-candidate,direct-netflix
neagley-01,Neagley,2026,,no-approved-signal,
night-agent-02,Night Agent,2025,Netflix,matched-candidate,direct-netflix
night-agent-03,The Night Agent,2026,Netflix,matched-candidate,direct-netflix
no-more-bets,No More Bets,2023,,no-approved-signal,
no-sudden-move,No Sudden Move,2021,,no-approved-signal,
no-time-to-die,No Time To Die,2021,,no-approved-signal,
nouvelle-vague,Nouvelle Vague,2025,Netflix,matched-candidate,direct-netflix
oa-02,The OA,2019,Netflix,matched-candidate,direct-netflix
obi-wan-kenobi-101,Obi-Wan Kenobi,2022,Disney+,matched-candidate,disney-brand;disney-star-wars
obi-wan-kenobi-106,Obi-Wan Kenobi,2022,Disney+,matched-candidate,disney-brand;disney-star-wars
obsession-2025,Obsession,2026,,no-approved-signal,
old-man-107,The Old Man,2022,Disney+,matched-candidate,disney-fx
old-man-201,The Old Man,2024,Disney+,matched-candidate,disney-fx
olympics-2026,2026 Winter Olympics,2026,,no-approved-signal,
one-battle-after-another,One Battle After Another,2025,,no-approved-signal,
one-night-in-miami,One Night In Miami,2021,,no-approved-signal,
one-piece-2023-02,One Piece,2026,Netflix,matched-candidate,direct-netflix
one-piece-95x,One Piece 95x,2021,,no-approved-signal,
one-piece-98x,One Piece 98x,2021,,no-approved-signal,
only-murders-in-the-building-110,Only Murders In The Building,2021,Disney+;Hulu,matched-candidate,direct-hulu;disney-hulu
only-murders-in-the-building-201,Only Murders In The Building,2022,Disney+;Hulu,matched-candidate,direct-hulu;disney-hulu
only-murders-in-the-building-210,Only Murders In The Building,2022,Disney+;Hulu,matched-candidate,direct-hulu;disney-hulu
only-murders-in-the-building-301,Only Murders In the Building,2023,Disney+;Hulu,matched-candidate,direct-hulu;disney-hulu
only-murders-in-the-building-310,Only Murders In the Building,2023,Disney+;Hulu,matched-candidate,direct-hulu;disney-hulu
only-murders-in-the-building-401,Only Murders In the Building,2024,Disney+;Hulu,matched-candidate,direct-hulu;disney-hulu
only-murders-in-the-building-409,Only Murders In the Building,2024,Disney+;Hulu,matched-candidate,direct-hulu;disney-hulu
only-murders-in-the-building-501,Only Murders in the Building,2025,Disney+;Hulu,matched-candidate,direct-hulu;disney-hulu
only-murders-in-the-building-508,Only Murders in the Building,2025,Disney+;Hulu,matched-candidate,direct-hulu;disney-hulu
oppenheimer,Oppenheimer,2023,,no-approved-signal,
oprah-meghan-harry,Oprah With Meghan and Harry,2021,,no-approved-signal,
orange-is-the-new-black-06,Orange Is The New Black,2018,Netflix,matched-candidate,direct-netflix
orange-is-the-new-black-07,Orange Is The New Black,2019,Netflix,matched-candidate,direct-netflix
orville-201,The Orville,2018,Disney+;Hulu,matched-candidate,direct-hulu;disney-hulu
orville-206,The Orville,2019,Disney+;Hulu,matched-candidate,direct-hulu;disney-hulu
orville-214,The Orville,2019,Disney+;Hulu,matched-candidate,direct-hulu;disney-hulu
outer-banks-02,Outer Banks,2021,Netflix,matched-candidate,direct-netflix
outer-banks-03,Outer Banks (TV series),2023,Netflix,matched-candidate,direct-netflix
outer-range-02,Outer Range,2024,Amazon Prime Video,matched-candidate,direct-amazon-prime-video
outside-the-wire,Outside The Wire,2021,Netflix,matched-candidate,direct-netflix
ozark-02,Ozark,2018,Netflix,matched-candidate,direct-netflix
pacific-rim-the-black,Pacific Rim The Black,2021,,no-approved-signal,
pantheon-108,Pantheon,2022,,no-approved-signal,
paper-girls-01,Paper Girls,2022,Amazon Prime Video,matched-candidate,direct-amazon-prime-video
peacemaker-201,Peacemaker (TV series),2025,HBO Max,matched-candidate,direct-hbo-max
penguin-101,The Penguin,2024,HBO Max,matched-candidate,hbo-network
penguin-107,The Penguin,2024,HBO Max,matched-candidate,hbo-network
peripheral-101,The Peripheral,2022,Amazon Prime Video,matched-candidate,direct-amazon-prime-video
peripheral-108,The Peripheral,2022,Amazon Prime Video,matched-candidate,direct-amazon-prime-video
permanent-record,Permanent Record,2019,,no-approved-signal,
pitt-201,The Pitt,2026,HBO Max,matched-candidate,direct-hbo-max
pitt-213,The Pitt,2026,HBO Max,matched-candidate,direct-hbo-max
pluribus-107,Pluribus,2025,Apple TV,matched-candidate,direct-apple-tv
polite-society,Polite Society,2023,,no-approved-signal,
pose-307,Pose,2021,Disney+,matched-candidate,disney-fx
power-105,The Power,2023,Amazon Prime Video,matched-candidate,direct-amazon-prime-video
power-109,The Power,2023,Amazon Prime Video,matched-candidate,direct-amazon-prime-video
predator-badlands,Predator: Badlands,2025,,no-approved-signal,
predator-killer-of-killers,Predator Killer of Killers,2025,Disney+;Hulu,matched-candidate,direct-hulu;disney-hulu
prehistoric-planet-01,Prehistoric Planet,2022,Apple TV,matched-candidate,direct-apple-tv
prehistoric-planet-02,Prehistoric Planet,2023,Apple TV,matched-candidate,direct-apple-tv
prehistoric-planet-03,Prehistoric Planet,2025,Apple TV,matched-candidate,direct-apple-tv
president-curtis-01,President Curtis,2026,,no-approved-signal,
prey,Prey,2022,Disney+;Hulu,matched-candidate,direct-hulu;disney-hulu
princess-switch-3,The Princess Switch 3,2021,Netflix,matched-candidate,direct-netflix
prisoners-of-the-ghostland,Prisoners of the Ghostland,2021,,no-approved-signal,
project-hail-mary,Project Hail Mary,2026,,no-approved-signal,
q-force-01,Q-Force,2021,Netflix,matched-candidate,direct-netflix
queen-charlotte-01,Queen Charlotte: A Bridgerton Story,2023,Netflix,matched-candidate,direct-netflix
queen-of-the-south-301,Queen of the South,2018,,no-approved-signal,
queen-of-the-south-311,Queen of the South,2018,,no-approved-signal,
queen-of-the-south-313,Queen Of The South,2018,,no-approved-signal,
queen-of-the-south-407,Queen of the South,2019,,no-approved-signal,
queen-of-the-south-413,Queen Of The South,2019,,no-approved-signal,
queen-of-the-south-510,Queen Of The South,2021,,no-approved-signal,
queer-eye-2018-04,Queer Eye 2019,2019,Netflix,matched-candidate,direct-netflix
queer-eye-2018-05,Queer Eye 2020,2020,Netflix,matched-candidate,direct-netflix
queer-eye-2018-07,Queer Eye (2018 TV series),2023,Netflix,matched-candidate,direct-netflix
raised-by-wolves-110,Raised By Wolves,2020,HBO Max,matched-candidate,direct-hbo-max
raised-by-wolves-201,Raised By Wolves,2022,HBO Max,matched-candidate,direct-hbo-max
raised-by-wolves-208,Raised by Wolves,2022,HBO Max,matched-candidate,direct-hbo-max
random-acts-of-flyness-104,Random Acts of Flyness,2018,HBO Max,matched-candidate,hbo-network
random-acts-of-flyness-106,Random Acts of Flyness,2018,HBO Max,matched-candidate,hbo-network
raya-and-the-last-dragon,Raya & The Last Dragon,2021,Disney+,matched-candidate,disney-brand
reacher-201,Reacher,2023,Amazon Prime Video,matched-candidate,direct-amazon-prime-video
reacher-208,Reacher,2024,Amazon Prime Video,matched-candidate,direct-amazon-prime-video
reacher-301,Reacher,2025,Amazon Prime Video,matched-candidate,direct-amazon-prime-video
reacher-307,Reacher,2025,Amazon Prime Video,matched-candidate,direct-amazon-prime-video
reacher-401,Reacher,2026,Amazon Prime Video,matched-candidate,direct-amazon-prime-video
renaissance,RENAISSANCE,2022,,no-approved-signal,
reservation-dogs-101,Reservation Dogs,2021,Disney+;Hulu,matched-candidate,direct-hulu;disney-hulu;disney-fx
reservation-dogs-201,Reservation Dogs,2022,Disney+;Hulu,matched-candidate,direct-hulu;disney-hulu;disney-fx
reservation-dogs-301,Reservation Dogs,2023,Disney+;Hulu,matched-candidate,direct-hulu;disney-hulu;disney-fx
reservation-dogs-310,Reservation Dogs,2023,Disney+;Hulu,matched-candidate,direct-hulu;disney-hulu;disney-fx
rick-and-morty-901,Rick and Morty,2026,,no-approved-signal,
rings-of-power-101,Rings of Power,2022,Amazon Prime Video,matched-candidate,direct-amazon-prime-video
rings-of-power-108,Rings of Power,2022,Amazon Prime Video,matched-candidate,direct-amazon-prime-video
rings-of-power-201,Rings of Power,2024,Amazon Prime Video,matched-candidate,direct-amazon-prime-video
rings-of-power-207,Rings of Power,2024,Amazon Prime Video,matched-candidate,direct-amazon-prime-video
road-house-2024,Road House 2024,2024,,no-approved-signal,
roar-01,Roar,2022,Apple TV,matched-candidate,direct-apple-tv
romanoffs-101,The Romanoffs,2018,Amazon Prime Video,matched-candidate,direct-amazon-prime-video
romanoffs-104,The Romanoffs,2018,Amazon Prime Video,matched-candidate,direct-amazon-prime-video
romanoffs-108,The Romanoffs,2018,Amazon Prime Video,matched-candidate,direct-amazon-prime-video
russian-doll-02,Russian Doll,2022,Netflix,matched-candidate,direct-netflix
sandman-01,Sandman,2022,Netflix,matched-candidate,direct-netflix
screeners,Screeners 2017-2018,2017,,no-approved-signal,
sean-combs-the-reckoning,Sean Combs: The Reckoning,2025,Netflix,matched-candidate,direct-netflix
season-2026-01,The Season,2026,Disney+;Hulu;Viu,matched-candidate,direct-hulu;direct-viu;disney-hulu
send-help,Send Help,2026,,no-approved-signal,
sense8-02.1,Sense8,2017,Netflix,matched-candidate,direct-netflix
sense8-02.2,Sense8,2018,Netflix,matched-candidate,direct-netflix
severance-201,Severance,2025,Apple TV,matched-candidate,direct-apple-tv
severance-209,Severance,2025,Apple TV,matched-candidate,direct-apple-tv
shadow-and-bone-01,Shadow & Bone,2021,Netflix,matched-candidate,direct-netflix
shang-chi-and-the-legend-of-the-ten-rings,Shang Chi and the Legend of the Ten Rings,2021,Disney+,matched-candidate,disney-marvel
shards-101,The Shards,2026,Disney+;Hulu,matched-candidate,direct-hulu;disney-hulu;disney-fx
she-ra-04,She-Ra Princess of Power,2019,Netflix,matched-candidate,direct-netflix
shogun-2024-101,Shogun 2024,2024,Disney+;Hulu,matched-candidate,direct-hulu;disney-hulu;disney-fx
shogun-2024-110,Shogun 2024,2024,Disney+;Hulu,matched-candidate,direct-hulu;disney-hulu;disney-fx
silo-201,Silo,2024,Apple TV,matched-candidate,direct-apple-tv
silo-301,Silo,2026,Apple TV,matched-candidate,direct-apple-tv
sinners-2025,Sinners,2025,,no-approved-signal,
slow-horses-601,Slow Horses,2026,,no-approved-signal,
sly-lives,Sly Lives! (aka The Burden of Black Genius),2025,Disney+;Hulu,matched-candidate,direct-hulu;disney-hulu
snowpiercer-209,Snowpiercer,2021,,no-approved-signal,
snowpiercer-401,Snowpiercer,2024,,no-approved-signal,
solar-opposites-01,Solar Opposites,2020,Disney+;Hulu,matched-candidate,direct-hulu;disney-hulu
songbird,Songbird,2020,,no-approved-signal,
south-park-27,South Park,2025,,no-approved-signal,
space-force-01,Space Force,2020,Netflix,matched-candidate,direct-netflix
space-sweepers,Space Sweepers,2021,Netflix,matched-candidate,direct-netflix
special-ops-lioness-201,Lioness (American TV series),2024,,no-approved-signal,
spider-man-across-the-spider-verse,Spider Man Across The Spider Verse,2023,Disney+,matched-candidate,disney-marvel
spider-man-no-way-home,Spider Man No Way Home,2022,Disney+,matched-candidate,disney-marvel
spider-noir-01,Spider-Noir,2026,,no-approved-signal,
squid-game-02,Squid Game,2024,Netflix,matched-candidate,direct-netflix
squid-game-03,Squid Game,2025,Netflix,matched-candidate,direct-netflix
star-city-101,Star City,2026,Apple TV,matched-candidate,direct-apple-tv
star-trek-discovery-101,Star Trek Discovery,2017,Amazon Prime Video;Paramount+,matched-candidate,direct-amazon-prime-video;direct-paramount-plus
star-trek-discovery-104,Star Trek: Discovery,2017,Amazon Prime Video;Paramount+,matched-candidate,direct-amazon-prime-video;direct-paramount-plus
star-trek-discovery-109,Star Trek: Discovery,2017,Amazon Prime Video;Paramount+,matched-candidate,direct-amazon-prime-video;direct-paramount-plus
star-trek-discovery-110,Star Trek: Discovery,2018,Amazon Prime Video;Paramount+,matched-candidate,direct-amazon-prime-video;direct-paramount-plus
star-trek-discovery-115,Star Trek Discovery,2018,Amazon Prime Video;Paramount+,matched-candidate,direct-amazon-prime-video;direct-paramount-plus
star-trek-discovery-201,Star Trek Discovery,2019,Amazon Prime Video;Paramount+,matched-candidate,direct-amazon-prime-video;direct-paramount-plus
star-trek-discovery-206,Star Trek: Discovery,2019,Amazon Prime Video;Paramount+,matched-candidate,direct-amazon-prime-video;direct-paramount-plus
star-trek-discovery-214,Star Trek Discovery,2019,Amazon Prime Video;Paramount+,matched-candidate,direct-amazon-prime-video;direct-paramount-plus
star-trek-discovery-305,Star Trek: Discovery,2020,Amazon Prime Video;Paramount+,matched-candidate,direct-amazon-prime-video;direct-paramount-plus
star-trek-lower-decks-101,Star Trek: Lower Decks,2020,Amazon Prime Video;Paramount+,matched-candidate,direct-amazon-prime-video;direct-paramount-plus
star-trek-picard-110,Star Trek Picard,2020,Amazon Prime Video;Paramount+,matched-candidate,direct-amazon-prime-video;direct-paramount-plus
star-wars-last-jedi,Star Wars The Last Jedi,2017,Disney+,matched-candidate,disney-star-wars
star-wars-visions-01,Star Wars: Visions,2021,Disney+,matched-candidate,disney-brand;disney-star-wars
star-wars-visions-03,Star Wars: Visions,2025,Disney+,matched-candidate,disney-brand;disney-star-wars
star-wars-visions-the-ninth-jedi-01,Star Wars: Visions Presents — The Ninth Jedi,2026,Disney+;Hulu,matched-candidate,direct-hulu;disney-brand;disney-star-wars;disney-hulu
station-eleven-110,Station Eleven,2022,HBO Max,matched-candidate,direct-hbo-max
stormy,Stormy,2024,Peacock,matched-candidate,direct-peacock
stormy-daniels-2017,Stormy Daniels,2017,,no-approved-signal,
stranger-things-02,Stranger Things,2017,Netflix,matched-candidate,direct-netflix
stranger-things-03,Stranger Things,2019,Netflix,matched-candidate,direct-netflix
stranger-things-04.1,Stranger Things,2022,Netflix,matched-candidate,direct-netflix
stranger-things-04.2,Stranger Things,2022,Netflix,matched-candidate,direct-netflix
stranger-things-05.1,Stranger Things,2025,Netflix,matched-candidate,direct-netflix
stranger-things-05.2,Stranger Things,2025,Netflix,matched-candidate,direct-netflix
stranger-things-05.3,Stranger Things,2026,Netflix,matched-candidate,direct-netflix
stranger-things-tales-from-85-01,Stranger Things: Tales from '85,2026,Netflix,matched-candidate,direct-netflix
studio-2025-101,The Studio 2025,2025,Apple TV,matched-candidate,direct-apple-tv
succession-210,Succession,2019,HBO Max,matched-candidate,hbo-network
succession-301,Succession,2021,HBO Max,matched-candidate,hbo-network
sugar-107,Sugar,2024,Apple TV,matched-candidate,direct-apple-tv
sugar-201,Sugar,2026,Apple TV,matched-candidate,direct-apple-tv
suicide-squad-2021,Suicide Squad,2021,,no-approved-signal,
summer-i-turned-pretty-311,The Summer I Turned Pretty (TV series),2025,Amazon Prime Video,matched-candidate,direct-amazon-prime-video
summer-of-soul,Summer of Soul,2021,Disney+;Hulu,matched-candidate,direct-hulu;disney-hulu
super-mario-brothers-movie,The Super Mario Bros. Movie,2023,,no-approved-signal,
super-mario-galaxy-movie,The Super Mario Galaxy Movie,2026,,no-approved-signal,
superman-2025,Superman (2025 film),2025,,no-approved-signal,
tales-from-the-loop-01,Tales From The Loop,2020,Amazon Prime Video,matched-candidate,direct-amazon-prime-video
tales-of-the-city-2019,Tales of the City 2019,2019,Netflix,matched-candidate,direct-netflix
tales-of-the-jedi-01,Star Wars Tales,2022,Disney+,matched-candidate,disney-brand;disney-star-wars
ted-lasso-201,Ted Lasso,2021,Apple TV,matched-candidate,direct-apple-tv
tenet,Tenet,2020,,no-approved-signal,
testaments-101,The Testaments,2026,Disney+;Hulu,matched-candidate,direct-hulu;disney-hulu
they-cloned-tyrone,They Cloned Tyrone,2023,Netflix,matched-candidate,direct-netflix
tiger-king-and-i,The Tiger King and I & Extras,2020,Netflix,matched-candidate,direct-netflix
tokyo-vice-01,Tokyo Vice (TV series),2022,HBO Max,matched-candidate,direct-hbo-max
tokyo-vice-201,Tokyo Vice (TV series),2024,HBO Max,matched-candidate,direct-hbo-max
tokyo-vice-209,Tokyo Vice (TV series),2024,HBO Max,matched-candidate,direct-hbo-max
tomorrow-war,The Tomorrow War,2021,,no-approved-signal,
toy-story-5,Toy Story 5,2026,Disney+,matched-candidate,disney-pixar
trese-01,Trese,2021,Netflix,matched-candidate,direct-netflix
tron-ares,Tron: Ares,2025,Disney+,matched-candidate,disney-brand
true-detective-301,True Detective,2019,HBO Max,matched-candidate,hbo-network
true-detective-308,True Detective,2019,HBO Max,matched-candidate,hbo-network
turning-red,Turning Red,2022,Disney+,matched-candidate,disney-pixar
twin-peaks-310,Twin Peaks season 3,2017,Disney+;Hulu;Netflix,matched-candidate,direct-hulu;direct-netflix;disney-hulu
twin-peaks-317,Twin Peaks season 3,2017,Disney+;Hulu;Netflix,matched-candidate,direct-hulu;direct-netflix;disney-hulu
twisted-metal-01,Twisted Metal,2023,Peacock,matched-candidate,direct-peacock
ultra-city-smiths-106,Ultra City Smiths,2021,,no-approved-signal,
umbrella-academy-01,The Umbrella Academy,2019,Netflix,matched-candidate,direct-netflix
umbrella-academy-02,The Umbrella Academy,2020,Netflix,matched-candidate,direct-netflix
underground-railroad-01,Underground Railroad,2021,Amazon Prime Video,matched-candidate,direct-amazon-prime-video
undone-01,Undone,2019,Amazon Prime Video,matched-candidate,direct-amazon-prime-video
undone-02,Undone,2022,Amazon Prime Video,matched-candidate,direct-amazon-prime-video
upload-01,Upload,2020,Amazon Prime Video,matched-candidate,direct-amazon-prime-video
vanguard,vanguard,2020,,no-approved-signal,
walking-dead-1008,The Walking Dead,2019,Netflix,matched-candidate,direct-netflix
walking-dead-1124,The Walking Dead,2022,,no-approved-signal,
walking-dead-709,The Walking Dead,2017,Netflix,matched-candidate,direct-netflix
walking-dead-710,The Walking Dead,2017,Netflix,matched-candidate,direct-netflix
walking-dead-713,The Walking Dead,2017,Netflix,matched-candidate,direct-netflix
walking-dead-716,The Walking Dead,2017,Netflix,matched-candidate,direct-netflix
walking-dead-801,The Walking Dead,2017,Netflix,matched-candidate,direct-netflix
walking-dead-807,The Walking Dead,2017,Netflix,matched-candidate,direct-netflix
walking-dead-811,The Walking Dead,2018,Netflix,matched-candidate,direct-netflix
walking-dead-816,The Walking Dead,2018,Netflix,matched-candidate,direct-netflix
walking-dead-908,The Walking Dead,2018,Netflix,matched-candidate,direct-netflix
walking-dead-916,The Walking Dead,2019,Netflix,matched-candidate,direct-netflix
wandavision-101,WandaVision,2021,Disney+,matched-candidate,direct-disney-plus;disney-brand;disney-marvel
wandavision-109,WandaVision,2021,Disney+,matched-candidate,direct-disney-plus;disney-brand;disney-marvel
warrior-310,Warrior,2023,,no-approved-signal,
watchmen-104,The Watchmen,2019,HBO Max,matched-candidate,hbo-network
watchmen-109,Watchmen,2019,HBO Max,matched-candidate,hbo-network
we-are-lady-parts-02,We Are Lady Parts,2024,,no-approved-signal,
weapons-2025,Weapons (2025 film),2025,,no-approved-signal,
wednesday-01,Wednesday,2022,Netflix,matched-candidate,direct-netflix
wednesday-02.1,Wednesday (TV series),2025,Netflix,matched-candidate,direct-netflix
wednesday-02.2,Wednesday (TV series),2025,Netflix,matched-candidate,direct-netflix
westworld-201,Westworld,2018,HBO Max,matched-candidate,hbo-network
westworld-203,Westworld,2018,HBO Max,matched-candidate,hbo-network
westworld-205,Westworld,2018,HBO Max,matched-candidate,hbo-network
westworld-207,Westworld,2018,HBO Max,matched-candidate,hbo-network
westworld-210,Westworld,2018,HBO Max,matched-candidate,hbo-network
westworld-301,Westworld,2020,HBO Max,matched-candidate,hbo-network
westworld-308,Westworld,2020,HBO Max,matched-candidate,hbo-network
westworld-401,Westworld,2022,HBO Max,matched-candidate,hbo-network
westworld-408,Westworld,2022,HBO Max,matched-candidate,hbo-network
what-if-2021-03,What if?,2024,Disney+,matched-candidate,disney-brand;disney-marvel
what-if-2021-101,What if?,2021,Disney+,matched-candidate,disney-brand;disney-marvel
what-we-do-in-the-shadows-210,What We Do In The Shadows,2020,Disney+,matched-candidate,disney-fx
white-lotus-301,White Lotus,2025,HBO Max,matched-candidate,hbo-network
white-lotus-307,The White Lotus,2025,HBO Max,matched-candidate,hbo-network
wicked-2024,Wicked Part 1,2025,,no-approved-signal,
wicked-for-good-2025,Wicked: For Good,2025,,no-approved-signal,
widows-bay-108,Widow's Bay,2026,Apple TV,matched-candidate,direct-apple-tv
wild-robot,Wild Robot,2024,,no-approved-signal,
witcher-02,The Witcher,2021,Netflix,matched-candidate,direct-netflix
witcher-03.1,The Witcher,2023,Netflix,matched-candidate,direct-netflix
witcher-03.2,The Witcher,2023,Netflix,matched-candidate,direct-netflix
witcher-04,The Witcher (TV series),2025,Netflix,matched-candidate,direct-netflix
witcher-blood-origin-01,The Witcher Blood Origin,2022,Netflix,matched-candidate,direct-netflix
wonder-woman-1984,Wonder Woman 1984,2020,,no-approved-signal,
world-cup-2026,2026 FIFA World Cup,2026,,no-approved-signal,
wu-assassins-01,Wu Assassins,2019,Netflix,matched-candidate,direct-netflix
x-men-97-201,X-Men '97,2026,Disney+,matched-candidate,disney-brand;disney-marvel
y-the-last-man-101,Y: The Last Man,2021,Disney+;Hulu,matched-candidate,direct-hulu;disney-hulu;disney-fx
yasuke-01,Yasuke,2021,Netflix,matched-candidate,direct-netflix
yellowjackets-110,Yellowjackets,2022,,no-approved-signal,
yellowjackets-201,Yellowjackets,2025,,no-approved-signal,
yellowstone-210,Yellowstone,2019,,no-approved-signal,
yellowstone-505,Yellowstone,2022,,no-approved-signal,
you-04.2,You (TV series),2023,,no-approved-signal,
your-friendly-neighborhood-spider-man-01,Your Friendly Neighborhood Spider Man,2025,Disney+,matched-candidate,disney-brand;disney-marvel
zero-day-01,Zero Day (American TV series),2025,Netflix,matched-candidate,direct-netflix
zootopia-2,Zootopia 2,2026,Disney+,matched-candidate,disney-brand
